{
    "id": 1,
    "title":"merge-sort",
    "localizedTitle": "مرتب سازی درجی",
    "tags": ["مرتب سازی", "درج"],
    "complexity": "O(logn)",
    "similarAlgorithms": [{ "name": "", "title": "" }],
    "applications": ["کاربرد یک", "کاربرد دو"],
    "description": "یکی از روش‌های مرتب‌سازی داده‌هااست، که براساس خصوصیات درخت heap پیاده‌سازی شده‌است. بر اساس تعریف درخت heap، در یک max-heap یا min-heap بزرگترین یا کوچکترین مقدار بین داده‌ها همواره در ریشه درخت قرار دارد. یافتن بزرگترین یا کوچکترین عنصر بین عناصر، هزینه ثابت (Ө(۱ دارد. با حذف این عنصر از درخت، بزرگترین یا کوچکترین عنصر بعدی مجدداً در ریشه قرار می‌گیرد. به این ترتیب با حذف متوالی عناصر درخت heap و درج آنها در محل جدید، یک آرایه مرتب‌شده نزولی ویا صعودی به دست خواهد آمد.",
    "pseudoCode": ""
}